Province,Year,Investment Value,Category
Alberta,2022,"70,108.00",All Industries
Alberta,2023,"72,127.20",All Industries
Alberta,2024,75417.600000000006,All Industries
Alberta,2025,"76,057.00",All Industries
Alberta,2026,80566.5,All Industries
British Columbia,2022,53194,All Industries
British Columbia,2023,"61,157.60",All Industries
British Columbia,2024,58994.5,All Industries
British Columbia,2025,64505.599999999999,All Industries
British Columbia,2026,64923.199999999997,All Industries
Manitoba,2022,7964.3999999999996,All Industries
Manitoba,2023,"9,100.50",All Industries
Manitoba,2024,"9,975.70",All Industries
Manitoba,2025,10749.799999999999,All Industries
Manitoba,2026,10476.799999999999,All Industries
New Brunswick,2022,"4,918.90",All Industries
New Brunswick,2023,"5,353.30",All Industries
New Brunswick,2024,"5,635.70",All Industries
New Brunswick,2025,6171,All Industries
New Brunswick,2026,6350.1000000000004,All Industries
Newfoundland and Labrador,2022,"4,833.50",All Industries
Newfoundland and Labrador,2023,"6,113.00",All Industries
Newfoundland and Labrador,2024,"7,142.20",All Industries
Newfoundland and Labrador,2025,"5,887.00",All Industries
Newfoundland and Labrador,2026,"5,092.80",All Industries
Northwest Territories,2022,758.6,All Industries
Northwest Territories,2023,869.4,All Industries
Northwest Territories,2024,"1,109.70",All Industries
Northwest Territories,2025,946.7,All Industries
Northwest Territories,2026,"1,082.60",All Industries
Nova Scotia,2022,"5,179.90",All Industries
Nova Scotia,2023,"5,930.30",All Industries
Nova Scotia,2024,"6,713.60",All Industries
Nova Scotia,2025,"7,583.40",All Industries
Nova Scotia,2026,7596.5,All Industries
Nunavut,2022,"1,078.10",All Industries
Nunavut,2023,"1,591.10",All Industries
Nunavut,2024,"1,854.50",All Industries
Nunavut,2025,"2,396.20",All Industries
Nunavut,2026,"1,908.40",All Industries
Ontario,2022,94554.5,All Industries
Ontario,2023,110612.5,All Industries
Ontario,2024,115264,All Industries
Ontario,2025,123728.10000000001,All Industries
Ontario,2026,132448.10000000001,All Industries
Prince Edward Island,2022,988.7,All Industries
Prince Edward Island,2023,"1,167.40",All Industries
Prince Edward Island,2024,"1,267.30",All Industries
Prince Edward Island,2025,"1,464.30",All Industries
Prince Edward Island,2026,"1,510.90",All Industries
Quebec,2022,"55,112.80",All Industries
Quebec,2023,60362.400000000001,All Industries
Quebec,2024,67848.600000000006,All Industries
Quebec,2025,66732.5,All Industries
Quebec,2026,68797.699999999997,All Industries
Saskatchewan,2022,"13,591.30",All Industries
Saskatchewan,2023,"17,033.50",All Industries
Saskatchewan,2024,"17,313.30",All Industries
Saskatchewan,2025,19697.700000000001,All Industries
Saskatchewan,2026,19481.900000000001,All Industries
Yukon,2022,803.6,All Industries
Yukon,2023,919.2,All Industries
Yukon,2024,830.5,All Industries
Yukon,2025,852.3,All Industries
Yukon,2026,967.5,All Industries
Alberta,2022,"2,378.80","Agriculture, forestry, fishing and hunting"
Alberta,2023,x,"Agriculture, forestry, fishing and hunting"
Alberta,2024,2435.4000000000001,"Agriculture, forestry, fishing and hunting"
Alberta,2025,"2,293.60","Agriculture, forestry, fishing and hunting"
Alberta,2026,2317.5999999999999,"Agriculture, forestry, fishing and hunting"
British Columbia,2022,1217.3,"Agriculture, forestry, fishing and hunting"
British Columbia,2023,"1,048.40","Agriculture, forestry, fishing and hunting"
British Columbia,2024,846.29999999999995,"Agriculture, forestry, fishing and hunting"
British Columbia,2025,801.89999999999998,"Agriculture, forestry, fishing and hunting"
British Columbia,2026,867.39999999999998,"Agriculture, forestry, fishing and hunting"
Manitoba,2022,611.10000000000002,"Agriculture, forestry, fishing and hunting"
Manitoba,2023,x,"Agriculture, forestry, fishing and hunting"
Manitoba,2024,834.4,"Agriculture, forestry, fishing and hunting"
Manitoba,2025,784.5,"Agriculture, forestry, fishing and hunting"
Manitoba,2026,731.29999999999995,"Agriculture, forestry, fishing and hunting"
New Brunswick,2022,208.9,"Agriculture, forestry, fishing and hunting"
New Brunswick,2023,236.9,"Agriculture, forestry, fishing and hunting"
New Brunswick,2024,223.8,"Agriculture, forestry, fishing and hunting"
New Brunswick,2025,181.30000000000001,"Agriculture, forestry, fishing and hunting"
New Brunswick,2026,158.69999999999999,"Agriculture, forestry, fishing and hunting"
Newfoundland and Labrador,2022,x,"Agriculture, forestry, fishing and hunting"
Newfoundland and Labrador,2023,107.4,"Agriculture, forestry, fishing and hunting"
Newfoundland and Labrador,2024,121.3,"Agriculture, forestry, fishing and hunting"
Newfoundland and Labrador,2025,x,"Agriculture, forestry, fishing and hunting"
Newfoundland and Labrador,2026,x,"Agriculture, forestry, fishing and hunting"
Northwest Territories,2022,x,"Agriculture, forestry, fishing and hunting"
Northwest Territories,2023,x,"Agriculture, forestry, fishing and hunting"
Northwest Territories,2024,x,"Agriculture, forestry, fishing and hunting"
Northwest Territories,2025,0,"Agriculture, forestry, fishing and hunting"
Northwest Territories,2026,0.1,"Agriculture, forestry, fishing and hunting"
Nova Scotia,2022,F,"Agriculture, forestry, fishing and hunting"
Nova Scotia,2023,274.3,"Agriculture, forestry, fishing and hunting"
Nova Scotia,2024,190,"Agriculture, forestry, fishing and hunting"
Nova Scotia,2025,171,"Agriculture, forestry, fishing and hunting"
Nova Scotia,2026,179.69999999999999,"Agriculture, forestry, fishing and hunting"
Nunavut,2022,x,"Agriculture, forestry, fishing and hunting"
Nunavut,2023,x,"Agriculture, forestry, fishing and hunting"
Nunavut,2024,x,"Agriculture, forestry, fishing and hunting"
Nunavut,2025,x,"Agriculture, forestry, fishing and hunting"
Nunavut,2026,x,"Agriculture, forestry, fishing and hunting"
Ontario,2022,2550.0999999999999,"Agriculture, forestry, fishing and hunting"
Ontario,2023,3121.5,"Agriculture, forestry, fishing and hunting"
Ontario,2024,2992.5999999999999,"Agriculture, forestry, fishing and hunting"
Ontario,2025,2794.3000000000002,"Agriculture, forestry, fishing and hunting"
Ontario,2026,2791.9000000000001,"Agriculture, forestry, fishing and hunting"
Prince Edward Island,2022,x,"Agriculture, forestry, fishing and hunting"
Prince Edward Island,2023,165.9,"Agriculture, forestry, fishing and hunting"
Prince Edward Island,2024,125.8,"Agriculture, forestry, fishing and hunting"
Prince Edward Island,2025,117.3,"Agriculture, forestry, fishing and hunting"
Prince Edward Island,2026,123.3,"Agriculture, forestry, fishing and hunting"
Quebec,2022,"1,747.30","Agriculture, forestry, fishing and hunting"
Quebec,2023,1920.2,"Agriculture, forestry, fishing and hunting"
Quebec,2024,1629.2,"Agriculture, forestry, fishing and hunting"
Quebec,2025,1508.5,"Agriculture, forestry, fishing and hunting"
Quebec,2026,1521.5,"Agriculture, forestry, fishing and hunting"
Saskatchewan,2022,x,"Agriculture, forestry, fishing and hunting"
Saskatchewan,2023,"2,394.00","Agriculture, forestry, fishing and hunting"
Saskatchewan,2024,"1,798.60","Agriculture, forestry, fishing and hunting"
Saskatchewan,2025,1681.8,"Agriculture, forestry, fishing and hunting"
Saskatchewan,2026,1675.2,"Agriculture, forestry, fishing and hunting"
Yukon,2022,x,"Agriculture, forestry, fishing and hunting"
Yukon,2023,x,"Agriculture, forestry, fishing and hunting"
Yukon,2024,x,"Agriculture, forestry, fishing and hunting"
Yukon,2025,x,"Agriculture, forestry, fishing and hunting"
Yukon,2026,x,"Agriculture, forestry, fishing and hunting"
Alberta,2022,"27,969.60","Mining, quarrying, and oil and gas extraction"
Alberta,2023,"30,000.00","Mining, quarrying, and oil and gas extraction"
Alberta,2024,32865,"Mining, quarrying, and oil and gas extraction"
Alberta,2025,"32,340.40","Mining, quarrying, and oil and gas extraction"
Alberta,2026,34101.900000000001,"Mining, quarrying, and oil and gas extraction"
British Columbia,2022,5821.3999999999996,"Mining, quarrying, and oil and gas extraction"
British Columbia,2023,"8,188.60","Mining, quarrying, and oil and gas extraction"
British Columbia,2024,9265.6000000000004,"Mining, quarrying, and oil and gas extraction"
British Columbia,2025,8023.1999999999998,"Mining, quarrying, and oil and gas extraction"
British Columbia,2026,9662.8999999999996,"Mining, quarrying, and oil and gas extraction"
Manitoba,2022,689,"Mining, quarrying, and oil and gas extraction"
Manitoba,2023,589.8,"Mining, quarrying, and oil and gas extraction"
Manitoba,2024,677.4,"Mining, quarrying, and oil and gas extraction"
Manitoba,2025,635.29999999999995,"Mining, quarrying, and oil and gas extraction"
Manitoba,2026,700.79999999999995,"Mining, quarrying, and oil and gas extraction"
New Brunswick,2022,31.8,"Mining, quarrying, and oil and gas extraction"
New Brunswick,2023,x,"Mining, quarrying, and oil and gas extraction"
New Brunswick,2024,x,"Mining, quarrying, and oil and gas extraction"
New Brunswick,2025,30.899999999999999,"Mining, quarrying, and oil and gas extraction"
New Brunswick,2026,23.600000000000001,"Mining, quarrying, and oil and gas extraction"
Newfoundland and Labrador,2022,"2,491.60","Mining, quarrying, and oil and gas extraction"
Newfoundland and Labrador,2023,"3,011.40","Mining, quarrying, and oil and gas extraction"
Newfoundland and Labrador,2024,"3,768.00","Mining, quarrying, and oil and gas extraction"
Newfoundland and Labrador,2025,"2,827.80","Mining, quarrying, and oil and gas extraction"
Newfoundland and Labrador,2026,"2,058.10","Mining, quarrying, and oil and gas extraction"
Northwest Territories,2022,x,"Mining, quarrying, and oil and gas extraction"
Northwest Territories,2023,172.1,"Mining, quarrying, and oil and gas extraction"
Northwest Territories,2024,239.1,"Mining, quarrying, and oil and gas extraction"
Northwest Territories,2025,67.6,"Mining, quarrying, and oil and gas extraction"
Northwest Territories,2026,34.3,"Mining, quarrying, and oil and gas extraction"
Nova Scotia,2022,45.4,"Mining, quarrying, and oil and gas extraction"
Nova Scotia,2023,x,"Mining, quarrying, and oil and gas extraction"
Nova Scotia,2024,x,"Mining, quarrying, and oil and gas extraction"
Nova Scotia,2025,x,"Mining, quarrying, and oil and gas extraction"
Nova Scotia,2026,61.5,"Mining, quarrying, and oil and gas extraction"
Nunavut,2022,797.5,"Mining, quarrying, and oil and gas extraction"
Nunavut,2023,x,"Mining, quarrying, and oil and gas extraction"
Nunavut,2024,x,"Mining, quarrying, and oil and gas extraction"
Nunavut,2025,"1,453.10","Mining, quarrying, and oil and gas extraction"
Nunavut,2026,x,"Mining, quarrying, and oil and gas extraction"
Ontario,2022,5000.3000000000002,"Mining, quarrying, and oil and gas extraction"
Ontario,2023,5157.5,"Mining, quarrying, and oil and gas extraction"
Ontario,2024,4356.6000000000004,"Mining, quarrying, and oil and gas extraction"
Ontario,2025,3975.3000000000002,"Mining, quarrying, and oil and gas extraction"
Ontario,2026,4930.6000000000004,"Mining, quarrying, and oil and gas extraction"
Prince Edward Island,2022,x,"Mining, quarrying, and oil and gas extraction"
Prince Edward Island,2023,x,"Mining, quarrying, and oil and gas extraction"
Prince Edward Island,2024,x,"Mining, quarrying, and oil and gas extraction"
Prince Edward Island,2025,x,"Mining, quarrying, and oil and gas extraction"
Prince Edward Island,2026,x,"Mining, quarrying, and oil and gas extraction"
Quebec,2022,"2,954.60","Mining, quarrying, and oil and gas extraction"
Quebec,2023,3469,"Mining, quarrying, and oil and gas extraction"
Quebec,2024,3856.3000000000002,"Mining, quarrying, and oil and gas extraction"
Quebec,2025,3633.3000000000002,"Mining, quarrying, and oil and gas extraction"
Quebec,2026,4546.6000000000004,"Mining, quarrying, and oil and gas extraction"
Saskatchewan,2022,"4,959.10","Mining, quarrying, and oil and gas extraction"
Saskatchewan,2023,"6,507.80","Mining, quarrying, and oil and gas extraction"
Saskatchewan,2024,"6,688.00","Mining, quarrying, and oil and gas extraction"
Saskatchewan,2025,8095.1999999999998,"Mining, quarrying, and oil and gas extraction"
Saskatchewan,2026,8018.6999999999998,"Mining, quarrying, and oil and gas extraction"
Yukon,2022,x,"Mining, quarrying, and oil and gas extraction"
Yukon,2023,x,"Mining, quarrying, and oil and gas extraction"
Yukon,2024,x,"Mining, quarrying, and oil and gas extraction"
Yukon,2025,x,"Mining, quarrying, and oil and gas extraction"
Yukon,2026,60.5,"Mining, quarrying, and oil and gas extraction"
Alberta,2022,"6,392.70",Utilities
Alberta,2023,"6,615.40",Utilities
Alberta,2024,6715.3000000000002,Utilities
Alberta,2025,"5,084.50",Utilities
Alberta,2026,5918.1000000000004,Utilities
British Columbia,2022,6019.5,Utilities
British Columbia,2023,"6,087.90",Utilities
British Columbia,2024,6551.3999999999996,Utilities
British Columbia,2025,7839.1000000000004,Utilities
British Columbia,2026,7618.3999999999996,Utilities
Manitoba,2022,810.5,Utilities
Manitoba,2023,865.1,Utilities
Manitoba,2024,"1,010.00",Utilities
Manitoba,2025,1110.5999999999999,Utilities
Manitoba,2026,1386.4000000000001,Utilities
New Brunswick,2022,717.5,Utilities
New Brunswick,2023,577.3,Utilities
New Brunswick,2024,677.8,Utilities
New Brunswick,2025,882.20000000000005,Utilities
New Brunswick,2026,731.70000000000005,Utilities
Newfoundland and Labrador,2022,370.7,Utilities
Newfoundland and Labrador,2023,436.4,Utilities
Newfoundland and Labrador,2024,433.4,Utilities
Newfoundland and Labrador,2025,563.2,Utilities
Newfoundland and Labrador,2026,461.6,Utilities
Northwest Territories,2022,x,Utilities
Northwest Territories,2023,72.2,Utilities
Northwest Territories,2024,100,Utilities
Northwest Territories,2025,83.4,Utilities
Northwest Territories,2026,115.1,Utilities
Nova Scotia,2022,642.4,Utilities
Nova Scotia,2023,597.1,Utilities
Nova Scotia,2024,637.2,Utilities
Nova Scotia,2025,892.2,Utilities
Nova Scotia,2026,844.89999999999998,Utilities
Nunavut,2022,26.4,Utilities
Nunavut,2023,38.1,Utilities
Nunavut,2024,33.1,Utilities
Nunavut,2025,142,Utilities
Nunavut,2026,133.2,Utilities
Ontario,2022,12491.700000000001,Utilities
Ontario,2023,14875.6,Utilities
Ontario,2024,15722.799999999999,Utilities
Ontario,2025,18907.200000000001,Utilities
Ontario,2026,20667.400000000001,Utilities
Prince Edward Island,2022,100.5,Utilities
Prince Edward Island,2023,105.3,Utilities
Prince Edward Island,2024,133.2,Utilities
Prince Edward Island,2025,160.7,Utilities
Prince Edward Island,2026,163,Utilities
Quebec,2022,"5,471.80",Utilities
Quebec,2023,6817.6999999999998,Utilities
Quebec,2024,8251.7000000000007,Utilities
Quebec,2025,8960.3999999999996,Utilities
Quebec,2026,10944.200000000001,Utilities
Saskatchewan,2022,"1,483.30",Utilities
Saskatchewan,2023,"1,707.40",Utilities
Saskatchewan,2024,"2,081.60",Utilities
Saskatchewan,2025,2316,Utilities
Saskatchewan,2026,2473.5999999999999,Utilities
Yukon,2022,x,Utilities
Yukon,2023,84.1,Utilities
Yukon,2024,81.5,Utilities
Yukon,2025,84.7,Utilities
Yukon,2026,115.7,Utilities
Alberta,2022,"1,641.60",Construction
Alberta,2023,"2,549.00",Construction
Alberta,2024,2985.8000000000002,Construction
Alberta,2025,"3,719.20",Construction
Alberta,2026,3840.8000000000002,Construction
British Columbia,2022,1698.4000000000001,Construction
British Columbia,2023,"2,577.40",Construction
British Columbia,2024,2749.1999999999998,Construction
British Columbia,2025,3041.4000000000001,Construction
British Columbia,2026,3140.9000000000001,Construction
Manitoba,2022,363.39999999999998,Construction
Manitoba,2023,424.2,Construction
Manitoba,2024,482.6,Construction
Manitoba,2025,534.5,Construction
Manitoba,2026,552,Construction
New Brunswick,2022,242.9,Construction
New Brunswick,2023,264.6,Construction
New Brunswick,2024,354.8,Construction
New Brunswick,2025,392.89999999999998,Construction
New Brunswick,2026,405.80000000000001,Construction
Newfoundland and Labrador,2022,87.9,Construction
Newfoundland and Labrador,2023,110.2,Construction
Newfoundland and Labrador,2024,120,Construction
Newfoundland and Labrador,2025,133,Construction
Newfoundland and Labrador,2026,137.3,Construction
Northwest Territories,2022,19.8,Construction
Northwest Territories,2023,23.6,Construction
Northwest Territories,2024,23.6,Construction
Northwest Territories,2025,26.1,Construction
Northwest Territories,2026,27,Construction
Nova Scotia,2022,352.5,Construction
Nova Scotia,2023,437.5,Construction
Nova Scotia,2024,544.9,Construction
Nova Scotia,2025,603.5,Construction
Nova Scotia,2026,623.29999999999995,Construction
Nunavut,2022,2,Construction
Nunavut,2023,5.9,Construction
Nunavut,2024,17.3,Construction
Nunavut,2025,19.2,Construction
Nunavut,2026,19.8,Construction
Ontario,2022,3366.8000000000002,Construction
Ontario,2023,5643.1000000000004,Construction
Ontario,2024,5463.1999999999998,Construction
Ontario,2025,6042.6999999999998,Construction
Ontario,2026,6240.3000000000002,Construction
Prince Edward Island,2022,52.8,Construction
Prince Edward Island,2023,75.2,Construction
Prince Edward Island,2024,86.5,Construction
Prince Edward Island,2025,95.8,Construction
Prince Edward Island,2026,99,Construction
Quebec,2022,"2,457.50",Construction
Quebec,2023,3109.5,Construction
Quebec,2024,3173.5,Construction
Quebec,2025,3513.8000000000002,Construction
Quebec,2026,3628.5999999999999,Construction
Saskatchewan,2022,248.5,Construction
Saskatchewan,2023,449.8,Construction
Saskatchewan,2024,395.9,Construction
Saskatchewan,2025,438.39999999999998,Construction
Saskatchewan,2026,452.80000000000001,Construction
Yukon,2022,42.9,Construction
Yukon,2023,30.1,Construction
Yukon,2024,43.7,Construction
Yukon,2025,48.4,Construction
Yukon,2026,50,Construction
Alberta,2022,"3,884.50",Manufacturing
Alberta,2023,"3,372.30",Manufacturing
Alberta,2024,5555.3000000000002,Manufacturing
Alberta,2025,"4,760.70",Manufacturing
Alberta,2026,5253.6000000000004,Manufacturing
British Columbia,2022,2124.5999999999999,Manufacturing
British Columbia,2023,x,Manufacturing
British Columbia,2024,2092,Manufacturing
British Columbia,2025,1713.9000000000001,Manufacturing
British Columbia,2026,1924.3,Manufacturing
Manitoba,2022,686.60000000000002,Manufacturing
Manitoba,2023,636.3,Manufacturing
Manitoba,2024,886.6,Manufacturing
Manitoba,2025,831.79999999999995,Manufacturing
Manitoba,2026,784.89999999999998,Manufacturing
New Brunswick,2022,748.9,Manufacturing
New Brunswick,2023,897.5,Manufacturing
New Brunswick,2024,964.1,Manufacturing
New Brunswick,2025,1316.9000000000001,Manufacturing
New Brunswick,2026,1401.9000000000001,Manufacturing
Newfoundland and Labrador,2022,x,Manufacturing
Newfoundland and Labrador,2023,463.2,Manufacturing
Newfoundland and Labrador,2024,142.1,Manufacturing
Newfoundland and Labrador,2025,175.7,Manufacturing
Newfoundland and Labrador,2026,142.5,Manufacturing
Northwest Territories,2022,x,Manufacturing
Northwest Territories,2023,x,Manufacturing
Northwest Territories,2024,x,Manufacturing
Northwest Territories,2025,x,Manufacturing
Northwest Territories,2026,0.3,Manufacturing
Nova Scotia,2022,398.1,Manufacturing
Nova Scotia,2023,434,Manufacturing
Nova Scotia,2024,451.9,Manufacturing
Nova Scotia,2025,480.1,Manufacturing
Nova Scotia,2026,512.20000000000005,Manufacturing
Nunavut,2022,x,Manufacturing
Nunavut,2023,x,Manufacturing
Nunavut,2024,x,Manufacturing
Nunavut,2025,x,Manufacturing
Nunavut,2026,12.1,Manufacturing
Ontario,2022,10952.1,Manufacturing
Ontario,2023,11782.9,Manufacturing
Ontario,2024,14608.299999999999,Manufacturing
Ontario,2025,15442,Manufacturing
Ontario,2026,15139.700000000001,Manufacturing
Prince Edward Island,2022,x,Manufacturing
Prince Edward Island,2023,104.5,Manufacturing
Prince Edward Island,2024,126.4,Manufacturing
Prince Edward Island,2025,154.3,Manufacturing
Prince Edward Island,2026,138.4,Manufacturing
Quebec,2022,"6,525.90",Manufacturing
Quebec,2023,7656.3999999999996,Manufacturing
Quebec,2024,9110.8999999999996,Manufacturing
Quebec,2025,8106.3000000000002,Manufacturing
Quebec,2026,7401.3999999999996,Manufacturing
Saskatchewan,2022,761,Manufacturing
Saskatchewan,2023,985.9,Manufacturing
Saskatchewan,2024,995.2,Manufacturing
Saskatchewan,2025,1027.4000000000001,Manufacturing
Saskatchewan,2026,1215,Manufacturing
Yukon,2022,x,Manufacturing
Yukon,2023,x,Manufacturing
Yukon,2024,x,Manufacturing
Yukon,2025,x,Manufacturing
Yukon,2026,1.1,Manufacturing
Alberta,2022,907.3,Wholesale trade
Alberta,2023,x,Wholesale trade
Alberta,2024,965.29999999999995,Wholesale trade
Alberta,2025,755.8,Wholesale trade
Alberta,2026,869,Wholesale trade
British Columbia,2022,659,Wholesale trade
British Columbia,2023,740.2,Wholesale trade
British Columbia,2024,718,Wholesale trade
British Columbia,2025,604,Wholesale trade
British Columbia,2026,647.79999999999995,Wholesale trade
Manitoba,2022,257.69999999999999,Wholesale trade
Manitoba,2023,250.8,Wholesale trade
Manitoba,2024,227.8,Wholesale trade
Manitoba,2025,204.69999999999999,Wholesale trade
Manitoba,2026,162.19999999999999,Wholesale trade
New Brunswick,2022,93.9,Wholesale trade
New Brunswick,2023,92.6,Wholesale trade
New Brunswick,2024,102.7,Wholesale trade
New Brunswick,2025,102.2,Wholesale trade
New Brunswick,2026,132.5,Wholesale trade
Newfoundland and Labrador,2022,x,Wholesale trade
Newfoundland and Labrador,2023,49.4,Wholesale trade
Newfoundland and Labrador,2024,74.9,Wholesale trade
Newfoundland and Labrador,2025,68.5,Wholesale trade
Newfoundland and Labrador,2026,100.7,Wholesale trade
Northwest Territories,2022,3.7,Wholesale trade
Northwest Territories,2023,x,Wholesale trade
Northwest Territories,2024,x,Wholesale trade
Northwest Territories,2025,1.6,Wholesale trade
Northwest Territories,2026,x,Wholesale trade
Nova Scotia,2022,88.7,Wholesale trade
Nova Scotia,2023,86.4,Wholesale trade
Nova Scotia,2024,116.1,Wholesale trade
Nova Scotia,2025,83.8,Wholesale trade
Nova Scotia,2026,101.90000000000001,Wholesale trade
Nunavut,2022,x,Wholesale trade
Nunavut,2023,x,Wholesale trade
Nunavut,2024,x,Wholesale trade
Nunavut,2025,1.8,Wholesale trade
Nunavut,2026,x,Wholesale trade
Ontario,2022,3020.3000000000002,Wholesale trade
Ontario,2023,3851.4000000000001,Wholesale trade
Ontario,2024,2739.3000000000002,Wholesale trade
Ontario,2025,2504,Wholesale trade
Ontario,2026,2769.1999999999998,Wholesale trade
Prince Edward Island,2022,9.6,Wholesale trade
Prince Edward Island,2023,x,Wholesale trade
Prince Edward Island,2024,16.6,Wholesale trade
Prince Edward Island,2025,10.5,Wholesale trade
Prince Edward Island,2026,7.7,Wholesale trade
Quebec,2022,"1,189.40",Wholesale trade
Quebec,2023,1328.4000000000001,Wholesale trade
Quebec,2024,1217,Wholesale trade
Quebec,2025,1167.4000000000001,Wholesale trade
Quebec,2026,1103.3,Wholesale trade
Saskatchewan,2022,360.3,Wholesale trade
Saskatchewan,2023,298.5,Wholesale trade
Saskatchewan,2024,265.4,Wholesale trade
Saskatchewan,2025,226.5,Wholesale trade
Saskatchewan,2026,179.19999999999999,Wholesale trade
Yukon,2022,6.1,Wholesale trade
Yukon,2023,14.4,Wholesale trade
Yukon,2024,x,Wholesale trade
Yukon,2025,11.3,Wholesale trade
Yukon,2026,12.9,Wholesale trade
Alberta,2022,F,Retail trade
Alberta,2023,x,Retail trade
Alberta,2024,1148.9000000000001,Retail trade
Alberta,2025,"1,128.50",Retail trade
Alberta,2026,1115.0999999999999,Retail trade
British Columbia,2022,1138.5,Retail trade
British Columbia,2023,"1,087.90",Retail trade
British Columbia,2024,1293.3,Retail trade
British Columbia,2025,1085.7,Retail trade
British Columbia,2026,1093.2,Retail trade
Manitoba,2022,232.40000000000001,Retail trade
Manitoba,2023,F,Retail trade
Manitoba,2024,334.3,Retail trade
Manitoba,2025,329.5,Retail trade
Manitoba,2026,338.5,Retail trade
New Brunswick,2022,135.6,Retail trade
New Brunswick,2023,207.4,Retail trade
New Brunswick,2024,176.9,Retail trade
New Brunswick,2025,157.69999999999999,Retail trade
New Brunswick,2026,145,Retail trade
Newfoundland and Labrador,2022,71.3,Retail trade
Newfoundland and Labrador,2023,116.9,Retail trade
Newfoundland and Labrador,2024,119.6,Retail trade
Newfoundland and Labrador,2025,111.9,Retail trade
Newfoundland and Labrador,2026,121.3,Retail trade
Northwest Territories,2022,8.3,Retail trade
Northwest Territories,2023,10.7,Retail trade
Northwest Territories,2024,13.6,Retail trade
Northwest Territories,2025,10.3,Retail trade
Northwest Territories,2026,10.6,Retail trade
Nova Scotia,2022,187.5,Retail trade
Nova Scotia,2023,244.3,Retail trade
Nova Scotia,2024,243.3,Retail trade
Nova Scotia,2025,223.8,Retail trade
Nova Scotia,2026,206,Retail trade
Nunavut,2022,F,Retail trade
Nunavut,2023,x,Retail trade
Nunavut,2024,x,Retail trade
Nunavut,2025,20.4,Retail trade
Nunavut,2026,5.4,Retail trade
Ontario,2022,2756.4000000000001,Retail trade
Ontario,2023,3494.4000000000001,Retail trade
Ontario,2024,3062.6999999999998,Retail trade
Ontario,2025,2965.3000000000002,Retail trade
Ontario,2026,2474.0999999999999,Retail trade
Prince Edward Island,2022,29.5,Retail trade
Prince Edward Island,2023,43.6,Retail trade
Prince Edward Island,2024,59.3,Retail trade
Prince Edward Island,2025,36.6,Retail trade
Prince Edward Island,2026,30.7,Retail trade
Quebec,2022,"1,534.00",Retail trade
Quebec,2023,1276,Retail trade
Quebec,2024,1805.0999999999999,Retail trade
Quebec,2025,1486.5,Retail trade
Quebec,2026,1442.8,Retail trade
Saskatchewan,2022,272.7,Retail trade
Saskatchewan,2023,300.4,Retail trade
Saskatchewan,2024,257.7,Retail trade
Saskatchewan,2025,216.59999999999999,Retail trade
Saskatchewan,2026,249.5,Retail trade
Yukon,2022,14.6,Retail trade
Yukon,2023,x,Retail trade
Yukon,2024,x,Retail trade
Yukon,2025,7.4,Retail trade
Yukon,2026,10.5,Retail trade
Alberta,2022,"11,679.70",Transportation and warehousing
Alberta,2023,"10,249.20",Transportation and warehousing
Alberta,2024,6768.1000000000004,Transportation and warehousing
Alberta,2025,"8,126.70",Transportation and warehousing
Alberta,2026,10020.299999999999,Transportation and warehousing
British Columbia,2022,18358.299999999999,Transportation and warehousing
British Columbia,2023,"20,798.90",Transportation and warehousing
British Columbia,2024,14701.1,Transportation and warehousing
British Columbia,2025,15542.9,Transportation and warehousing
British Columbia,2026,14450.4,Transportation and warehousing
Manitoba,2022,1034.2,Transportation and warehousing
Manitoba,2023,"1,226.60",Transportation and warehousing
Manitoba,2024,"1,203.40",Transportation and warehousing
Manitoba,2025,1336.5999999999999,Transportation and warehousing
Manitoba,2026,1352.5999999999999,Transportation and warehousing
New Brunswick,2022,519.5,Transportation and warehousing
New Brunswick,2023,461.1,Transportation and warehousing
New Brunswick,2024,464.6,Transportation and warehousing
New Brunswick,2025,415.89999999999998,Transportation and warehousing
New Brunswick,2026,428.39999999999998,Transportation and warehousing
Newfoundland and Labrador,2022,x,Transportation and warehousing
Newfoundland and Labrador,2023,180.8,Transportation and warehousing
Newfoundland and Labrador,2024,179.6,Transportation and warehousing
Newfoundland and Labrador,2025,168.4,Transportation and warehousing
Newfoundland and Labrador,2026,221,Transportation and warehousing
Northwest Territories,2022,x,Transportation and warehousing
Northwest Territories,2023,48.9,Transportation and warehousing
Northwest Territories,2024,45.6,Transportation and warehousing
Northwest Territories,2025,55.5,Transportation and warehousing
Northwest Territories,2026,x,Transportation and warehousing
Nova Scotia,2022,347.5,Transportation and warehousing
Nova Scotia,2023,488.7,Transportation and warehousing
Nova Scotia,2024,452.1,Transportation and warehousing
Nova Scotia,2025,563.9,Transportation and warehousing
Nova Scotia,2026,679.29999999999995,Transportation and warehousing
Nunavut,2022,x,Transportation and warehousing
Nunavut,2023,41.3,Transportation and warehousing
Nunavut,2024,x,Transportation and warehousing
Nunavut,2025,23.6,Transportation and warehousing
Nunavut,2026,x,Transportation and warehousing
Ontario,2022,13051.1,Transportation and warehousing
Ontario,2023,16302.799999999999,Transportation and warehousing
Ontario,2024,19977.200000000001,Transportation and warehousing
Ontario,2025,21351.400000000001,Transportation and warehousing
Ontario,2026,25571,Transportation and warehousing
Prince Edward Island,2022,43.1,Transportation and warehousing
Prince Edward Island,2023,43.5,Transportation and warehousing
Prince Edward Island,2024,x,Transportation and warehousing
Prince Edward Island,2025,50.8,Transportation and warehousing
Prince Edward Island,2026,x,Transportation and warehousing
Quebec,2022,"6,202.20",Transportation and warehousing
Quebec,2023,5641,Transportation and warehousing
Quebec,2024,6884.3999999999996,Transportation and warehousing
Quebec,2025,6490.6000000000004,Transportation and warehousing
Quebec,2026,7086.1999999999998,Transportation and warehousing
Saskatchewan,2022,900.9,Transportation and warehousing
Saskatchewan,2023,932.3,Transportation and warehousing
Saskatchewan,2024,"1,000.00",Transportation and warehousing
Saskatchewan,2025,1200.5999999999999,Transportation and warehousing
Saskatchewan,2026,980.10000000000002,Transportation and warehousing
Yukon,2022,x,Transportation and warehousing
Yukon,2023,40.1,Transportation and warehousing
Yukon,2024,x,Transportation and warehousing
Yukon,2025,46.9,Transportation and warehousing
Yukon,2026,x,Transportation and warehousing
Alberta,2022,"1,297.00",Information and cultural industries
Alberta,2023,x,Information and cultural industries
Alberta,2024,811.10000000000002,Information and cultural industries
Alberta,2025,"1,347.70",Information and cultural industries
Alberta,2026,1161.8,Information and cultural industries
British Columbia,2022,1683.4000000000001,Information and cultural industries
British Columbia,2023,"1,546.30",Information and cultural industries
British Columbia,2024,1359.4000000000001,Information and cultural industries
British Columbia,2025,1682.7,Information and cultural industries
British Columbia,2026,1399.2,Information and cultural industries
Manitoba,2022,485.5,Information and cultural industries
Manitoba,2023,x,Information and cultural industries
Manitoba,2024,388.7,Information and cultural industries
Manitoba,2025,402.39999999999998,Information and cultural industries
Manitoba,2026,370.60000000000002,Information and cultural industries
New Brunswick,2022,504.3,Information and cultural industries
New Brunswick,2023,x,Information and cultural industries
New Brunswick,2024,490.2,Information and cultural industries
New Brunswick,2025,464.69999999999999,Information and cultural industries
New Brunswick,2026,446,Information and cultural industries
Newfoundland and Labrador,2022,176.5,Information and cultural industries
Newfoundland and Labrador,2023,x,Information and cultural industries
Newfoundland and Labrador,2024,143,Information and cultural industries
Newfoundland and Labrador,2025,139.7,Information and cultural industries
Newfoundland and Labrador,2026,126.7,Information and cultural industries
Northwest Territories,2022,18.3,Information and cultural industries
Northwest Territories,2023,x,Information and cultural industries
Northwest Territories,2024,x,Information and cultural industries
Northwest Territories,2025,21.6,Information and cultural industries
Northwest Territories,2026,x,Information and cultural industries
Nova Scotia,2022,349.2,Information and cultural industries
Nova Scotia,2023,x,Information and cultural industries
Nova Scotia,2024,276.3,Information and cultural industries
Nova Scotia,2025,275.1,Information and cultural industries
Nova Scotia,2026,238.5,Information and cultural industries
Nunavut,2022,1.1,Information and cultural industries
Nunavut,2023,x,Information and cultural industries
Nunavut,2024,x,Information and cultural industries
Nunavut,2025,9.9,Information and cultural industries
Nunavut,2026,x,Information and cultural industries
Ontario,2022,7417.3999999999996,Information and cultural industries
Ontario,2023,7287.8000000000002,Information and cultural industries
Ontario,2024,6439.3000000000002,Information and cultural industries
Ontario,2025,7106,Information and cultural industries
Ontario,2026,6946.3999999999996,Information and cultural industries
Prince Edward Island,2022,60.6,Information and cultural industries
Prince Edward Island,2023,x,Information and cultural industries
Prince Edward Island,2024,x,Information and cultural industries
Prince Edward Island,2025,27.5,Information and cultural industries
Prince Edward Island,2026,25.8,Information and cultural industries
Quebec,2022,"2,836.20",Information and cultural industries
Quebec,2023,2621.6999999999998,Information and cultural industries
Quebec,2024,2756.3000000000002,Information and cultural industries
Quebec,2025,3486.6999999999998,Information and cultural industries
Quebec,2026,3444.0999999999999,Information and cultural industries
Saskatchewan,2022,406.3,Information and cultural industries
Saskatchewan,2023,x,Information and cultural industries
Saskatchewan,2024,468.4,Information and cultural industries
Saskatchewan,2025,563.60000000000002,Information and cultural industries
Saskatchewan,2026,506,Information and cultural industries
Yukon,2022,25.1,Information and cultural industries
Yukon,2023,x,Information and cultural industries
Yukon,2024,x,Information and cultural industries
Yukon,2025,15.5,Information and cultural industries
Yukon,2026,x,Information and cultural industries
Alberta,2022,212.3,Finance and insurance
Alberta,2023,259.1,Finance and insurance
Alberta,2024,241,Finance and insurance
Alberta,2025,233.9,Finance and insurance
Alberta,2026,238.19999999999999,Finance and insurance
British Columbia,2022,344.89999999999998,Finance and insurance
British Columbia,2023,310.3,Finance and insurance
British Columbia,2024,239.59999999999999,Finance and insurance
British Columbia,2025,232.80000000000001,Finance and insurance
British Columbia,2026,279.19999999999999,Finance and insurance
Manitoba,2022,46.5,Finance and insurance
Manitoba,2023,73.5,Finance and insurance
Manitoba,2024,53.2,Finance and insurance
Manitoba,2025,77.5,Finance and insurance
Manitoba,2026,72.099999999999994,Finance and insurance
New Brunswick,2022,15.5,Finance and insurance
New Brunswick,2023,x,Finance and insurance
New Brunswick,2024,x,Finance and insurance
New Brunswick,2025,22.699999999999999,Finance and insurance
New Brunswick,2026,27.5,Finance and insurance
Newfoundland and Labrador,2022,9.6,Finance and insurance
Newfoundland and Labrador,2023,x,Finance and insurance
Newfoundland and Labrador,2024,x,Finance and insurance
Newfoundland and Labrador,2025,x,Finance and insurance
Newfoundland and Labrador,2026,x,Finance and insurance
Northwest Territories,2022,x,Finance and insurance
Northwest Territories,2023,x,Finance and insurance
Northwest Territories,2024,x,Finance and insurance
Northwest Territories,2025,x,Finance and insurance
Northwest Territories,2026,x,Finance and insurance
Nova Scotia,2022,x,Finance and insurance
Nova Scotia,2023,x,Finance and insurance
Nova Scotia,2024,35.9,Finance and insurance
Nova Scotia,2025,x,Finance and insurance
Nova Scotia,2026,62.299999999999997,Finance and insurance
Nunavut,2022,x,Finance and insurance
Nunavut,2023,x,Finance and insurance
Nunavut,2024,x,Finance and insurance
Nunavut,2025,x,Finance and insurance
Nunavut,2026,x,Finance and insurance
Ontario,2022,1560.5,Finance and insurance
Ontario,2023,1844.8,Finance and insurance
Ontario,2024,1585.7,Finance and insurance
Ontario,2025,1648.3,Finance and insurance
Ontario,2026,1655.5999999999999,Finance and insurance
Prince Edward Island,2022,x,Finance and insurance
Prince Edward Island,2023,x,Finance and insurance
Prince Edward Island,2024,x,Finance and insurance
Prince Edward Island,2025,x,Finance and insurance
Prince Edward Island,2026,7.6,Finance and insurance
Quebec,2022,F,Finance and insurance
Quebec,2023,263.69999999999999,Finance and insurance
Quebec,2024,297.19999999999999,Finance and insurance
Quebec,2025,306.69999999999999,Finance and insurance
Quebec,2026,329.69999999999999,Finance and insurance
Saskatchewan,2022,52.1,Finance and insurance
Saskatchewan,2023,x,Finance and insurance
Saskatchewan,2024,x,Finance and insurance
Saskatchewan,2025,87.900000000000006,Finance and insurance
Saskatchewan,2026,73.5,Finance and insurance
Yukon,2022,x,Finance and insurance
Yukon,2023,x,Finance and insurance
Yukon,2024,x,Finance and insurance
Yukon,2025,x,Finance and insurance
Yukon,2026,x,Finance and insurance
Alberta,2022,"3,051.30",Real estate and rental and leasing
Alberta,2023,"2,765.00",Real estate and rental and leasing
Alberta,2024,3394.1999999999998,Real estate and rental and leasing
Alberta,2025,"3,214.80",Real estate and rental and leasing
Alberta,2026,2967,Real estate and rental and leasing
British Columbia,2022,2011.2,Real estate and rental and leasing
British Columbia,2023,"1,888.10",Real estate and rental and leasing
British Columbia,2024,2204,Real estate and rental and leasing
British Columbia,2025,1913.8,Real estate and rental and leasing
British Columbia,2026,1976.7,Real estate and rental and leasing
Manitoba,2022,529.20000000000005,Real estate and rental and leasing
Manitoba,2023,474.4,Real estate and rental and leasing
Manitoba,2024,F,Real estate and rental and leasing
Manitoba,2025,330.80000000000001,Real estate and rental and leasing
Manitoba,2026,325.80000000000001,Real estate and rental and leasing
New Brunswick,2022,230.9,Real estate and rental and leasing
New Brunswick,2023,219.4,Real estate and rental and leasing
New Brunswick,2024,209.5,Real estate and rental and leasing
New Brunswick,2025,241.40000000000001,Real estate and rental and leasing
New Brunswick,2026,239.80000000000001,Real estate and rental and leasing
Newfoundland and Labrador,2022,x,Real estate and rental and leasing
Newfoundland and Labrador,2023,114.7,Real estate and rental and leasing
Newfoundland and Labrador,2024,87.2,Real estate and rental and leasing
Newfoundland and Labrador,2025,90.1,Real estate and rental and leasing
Newfoundland and Labrador,2026,96.8,Real estate and rental and leasing
Northwest Territories,2022,x,Real estate and rental and leasing
Northwest Territories,2023,F,Real estate and rental and leasing
Northwest Territories,2024,23.5,Real estate and rental and leasing
Northwest Territories,2025,17.1,Real estate and rental and leasing
Northwest Territories,2026,17.9,Real estate and rental and leasing
Nova Scotia,2022,229.5,Real estate and rental and leasing
Nova Scotia,2023,284.6,Real estate and rental and leasing
Nova Scotia,2024,318.7,Real estate and rental and leasing
Nova Scotia,2025,326.8,Real estate and rental and leasing
Nova Scotia,2026,353.10000000000002,Real estate and rental and leasing
Nunavut,2022,x,Real estate and rental and leasing
Nunavut,2023,5.6,Real estate and rental and leasing
Nunavut,2024,4.3,Real estate and rental and leasing
Nunavut,2025,11.9,Real estate and rental and leasing
Nunavut,2026,15.3,Real estate and rental and leasing
Ontario,2022,7262.6000000000004,Real estate and rental and leasing
Ontario,2023,7993.3000000000002,Real estate and rental and leasing
Ontario,2024,8089.5,Real estate and rental and leasing
Ontario,2025,6990.6999999999998,Real estate and rental and leasing
Ontario,2026,6284.8000000000002,Real estate and rental and leasing
Prince Edward Island,2022,x,Real estate and rental and leasing
Prince Edward Island,2023,25.4,Real estate and rental and leasing
Prince Edward Island,2024,21.6,Real estate and rental and leasing
Prince Edward Island,2025,72.3,Real estate and rental and leasing
Prince Edward Island,2026,45.7,Real estate and rental and leasing
Quebec,2022,"3,730.70",Real estate and rental and leasing
Quebec,2023,3863.5999999999999,Real estate and rental and leasing
Quebec,2024,3616.4000000000001,Real estate and rental and leasing
Quebec,2025,3293.8000000000002,Real estate and rental and leasing
Quebec,2026,2831.5,Real estate and rental and leasing
Saskatchewan,2022,390.3,Real estate and rental and leasing
Saskatchewan,2023,453.1,Real estate and rental and leasing
Saskatchewan,2024,384.3,Real estate and rental and leasing
Saskatchewan,2025,396.19999999999999,Real estate and rental and leasing
Saskatchewan,2026,369.10000000000002,Real estate and rental and leasing
Yukon,2022,19.4,Real estate and rental and leasing
Yukon,2023,18,Real estate and rental and leasing
Yukon,2024,37.8,Real estate and rental and leasing
Yukon,2025,28.8,Real estate and rental and leasing
Yukon,2026,33.5,Real estate and rental and leasing
Alberta,2022,521.3,"Professional, scientific and technical services"
Alberta,2023,577.7,"Professional, scientific and technical services"
Alberta,2024,598.39999999999998,"Professional, scientific and technical services"
Alberta,2025,402.4,"Professional, scientific and technical services"
Alberta,2026,311.30000000000001,"Professional, scientific and technical services"
British Columbia,2022,737.89999999999998,"Professional, scientific and technical services"
British Columbia,2023,"1,067.70","Professional, scientific and technical services"
British Columbia,2024,769.70000000000005,"Professional, scientific and technical services"
British Columbia,2025,773.60000000000002,"Professional, scientific and technical services"
British Columbia,2026,610.29999999999995,"Professional, scientific and technical services"
Manitoba,2022,54.899999999999999,"Professional, scientific and technical services"
Manitoba,2023,x,"Professional, scientific and technical services"
Manitoba,2024,x,"Professional, scientific and technical services"
Manitoba,2025,61.799999999999997,"Professional, scientific and technical services"
Manitoba,2026,42.899999999999999,"Professional, scientific and technical services"
New Brunswick,2022,48.1,"Professional, scientific and technical services"
New Brunswick,2023,33.2,"Professional, scientific and technical services"
New Brunswick,2024,45.5,"Professional, scientific and technical services"
New Brunswick,2025,29.699999999999999,"Professional, scientific and technical services"
New Brunswick,2026,24.100000000000001,"Professional, scientific and technical services"
Newfoundland and Labrador,2022,20.1,"Professional, scientific and technical services"
Newfoundland and Labrador,2023,39.7,"Professional, scientific and technical services"
Newfoundland and Labrador,2024,x,"Professional, scientific and technical services"
Newfoundland and Labrador,2025,17.3,"Professional, scientific and technical services"
Newfoundland and Labrador,2026,50.1,"Professional, scientific and technical services"
Northwest Territories,2022,2.3,"Professional, scientific and technical services"
Northwest Territories,2023,4.6,"Professional, scientific and technical services"
Northwest Territories,2024,x,"Professional, scientific and technical services"
Northwest Territories,2025,x,"Professional, scientific and technical services"
Northwest Territories,2026,2,"Professional, scientific and technical services"
Nova Scotia,2022,41.4,"Professional, scientific and technical services"
Nova Scotia,2023,63,"Professional, scientific and technical services"
Nova Scotia,2024,x,"Professional, scientific and technical services"
Nova Scotia,2025,61.3,"Professional, scientific and technical services"
Nova Scotia,2026,51.600000000000001,"Professional, scientific and technical services"
Nunavut,2022,0.9,"Professional, scientific and technical services"
Nunavut,2023,x,"Professional, scientific and technical services"
Nunavut,2024,x,"Professional, scientific and technical services"
Nunavut,2025,x,"Professional, scientific and technical services"
Nunavut,2026,1.7,"Professional, scientific and technical services"
Ontario,2022,1255.7,"Professional, scientific and technical services"
Ontario,2023,1646.9000000000001,"Professional, scientific and technical services"
Ontario,2024,1463.4000000000001,"Professional, scientific and technical services"
Ontario,2025,1219.4000000000001,"Professional, scientific and technical services"
Ontario,2026,1084.8,"Professional, scientific and technical services"
Prince Edward Island,2022,4.9,"Professional, scientific and technical services"
Prince Edward Island,2023,x,"Professional, scientific and technical services"
Prince Edward Island,2024,x,"Professional, scientific and technical services"
Prince Edward Island,2025,x,"Professional, scientific and technical services"
Prince Edward Island,2026,4.2,"Professional, scientific and technical services"
Quebec,2022,907.7,"Professional, scientific and technical services"
Quebec,2023,934.70000000000005,"Professional, scientific and technical services"
Quebec,2024,793.89999999999998,"Professional, scientific and technical services"
Quebec,2025,722.70000000000005,"Professional, scientific and technical services"
Quebec,2026,686.20000000000005,"Professional, scientific and technical services"
Saskatchewan,2022,62.4,"Professional, scientific and technical services"
Saskatchewan,2023,F,"Professional, scientific and technical services"
Saskatchewan,2024,126.5,"Professional, scientific and technical services"
Saskatchewan,2025,140.80000000000001,"Professional, scientific and technical services"
Saskatchewan,2026,88.299999999999997,"Professional, scientific and technical services"
Yukon,2022,F,"Professional, scientific and technical services"
Yukon,2023,x,"Professional, scientific and technical services"
Yukon,2024,3.4,"Professional, scientific and technical services"
Yukon,2025,x,"Professional, scientific and technical services"
Yukon,2026,2.6,"Professional, scientific and technical services"
Alberta,2022,165.5,Management of companies and enterprises
Alberta,2023,x,Management of companies and enterprises
Alberta,2024,253.19999999999999,Management of companies and enterprises
Alberta,2025,x,Management of companies and enterprises
Alberta,2026,187.09999999999999,Management of companies and enterprises
British Columbia,2022,61.899999999999999,Management of companies and enterprises
British Columbia,2023,x,Management of companies and enterprises
British Columbia,2024,,Management of companies and enterprises
British Columbia,2025,64.799999999999997,Management of companies and enterprises
British Columbia,2026,57.399999999999999,Management of companies and enterprises
Manitoba,2022,5.5999999999999996,Management of companies and enterprises
Manitoba,2023,53.4,Management of companies and enterprises
Manitoba,2024,x,Management of companies and enterprises
Manitoba,2025,59.399999999999999,Management of companies and enterprises
Manitoba,2026,40.700000000000003,Management of companies and enterprises
New Brunswick,2022,6.6,Management of companies and enterprises
New Brunswick,2023,47.7,Management of companies and enterprises
New Brunswick,2024,x,Management of companies and enterprises
New Brunswick,2025,13.4,Management of companies and enterprises
New Brunswick,2026,4.9000000000000004,Management of companies and enterprises
Newfoundland and Labrador,2022,x,Management of companies and enterprises
Newfoundland and Labrador,2023,F,Management of companies and enterprises
Newfoundland and Labrador,2024,x,Management of companies and enterprises
Newfoundland and Labrador,2025,0.3,Management of companies and enterprises
Newfoundland and Labrador,2026,0.3,Management of companies and enterprises
Northwest Territories,2022,x,Management of companies and enterprises
Northwest Territories,2023,x,Management of companies and enterprises
Northwest Territories,2024,x,Management of companies and enterprises
Northwest Territories,2025,x,Management of companies and enterprises
Northwest Territories,2026,0.4,Management of companies and enterprises
Nova Scotia,2022,x,Management of companies and enterprises
Nova Scotia,2023,x,Management of companies and enterprises
Nova Scotia,2024,x,Management of companies and enterprises
Nova Scotia,2025,x,Management of companies and enterprises
Nova Scotia,2026,14.1,Management of companies and enterprises
Nunavut,2022,x,Management of companies and enterprises
Nunavut,2023,x,Management of companies and enterprises
Nunavut,2024,0,Management of companies and enterprises
Nunavut,2025,0,Management of companies and enterprises
Nunavut,2026,0,Management of companies and enterprises
Ontario,2022,483.89999999999998,Management of companies and enterprises
Ontario,2023,812.39999999999998,Management of companies and enterprises
Ontario,2024,568.20000000000005,Management of companies and enterprises
Ontario,2025,598.79999999999995,Management of companies and enterprises
Ontario,2026,525.79999999999995,Management of companies and enterprises
Prince Edward Island,2022,x,Management of companies and enterprises
Prince Edward Island,2023,x,Management of companies and enterprises
Prince Edward Island,2024,x,Management of companies and enterprises
Prince Edward Island,2025,x,Management of companies and enterprises
Prince Edward Island,2026,0.5,Management of companies and enterprises
Quebec,2022,163.4,Management of companies and enterprises
Quebec,2023,205,Management of companies and enterprises
Quebec,2024,141.09999999999999,Management of companies and enterprises
Quebec,2025,316.30000000000001,Management of companies and enterprises
Quebec,2026,273.80000000000001,Management of companies and enterprises
Saskatchewan,2022,141,Management of companies and enterprises
Saskatchewan,2023,134.2,Management of companies and enterprises
Saskatchewan,2024,115.5,Management of companies and enterprises
Saskatchewan,2025,130.09999999999999,Management of companies and enterprises
Saskatchewan,2026,94.599999999999994,Management of companies and enterprises
Yukon,2022,0,Management of companies and enterprises
Yukon,2023,0,Management of companies and enterprises
Yukon,2024,0,Management of companies and enterprises
Yukon,2025,x,Management of companies and enterprises
Yukon,2026,0,Management of companies and enterprises
Alberta,2022,422.9,"Administrative and support, waste management and remediation services"
Alberta,2023,437.7,"Administrative and support, waste management and remediation services"
Alberta,2024,559.39999999999998,"Administrative and support, waste management and remediation services"
Alberta,2025,828.1,"Administrative and support, waste management and remediation services"
Alberta,2026,553.70000000000005,"Administrative and support, waste management and remediation services"
British Columbia,2022,,"Administrative and support, waste management and remediation services"
British Columbia,2023,342.1,"Administrative and support, waste management and remediation services"
British Columbia,2024,380.60000000000002,"Administrative and support, waste management and remediation services"
British Columbia,2025,412.69999999999999,"Administrative and support, waste management and remediation services"
British Columbia,2026,435.19999999999999,"Administrative and support, waste management and remediation services"
Manitoba,2022,41.100000000000001,"Administrative and support, waste management and remediation services"
Manitoba,2023,68.9,"Administrative and support, waste management and remediation services"
Manitoba,2024,64.6,"Administrative and support, waste management and remediation services"
Manitoba,2025,68.200000000000003,"Administrative and support, waste management and remediation services"
Manitoba,2026,75,"Administrative and support, waste management and remediation services"
Alberta,2022,634.8,Accommodation and food services
Alberta,2022,605.1,"Arts, entertainment and recreation"
Alberta,2022,"1,327.20",Educational services
Alberta,2022,"1,415.60",Health care and social assistance
Alberta,2022,F,Other services (except public administration)
Alberta,2022,"4,374.50",Public administration
British Columbia,2022,518.60000000000002,Accommodation and food services
British Columbia,2022,530.79999999999995,"Arts, entertainment and recreation"
British Columbia,2022,1825.0999999999999,Educational services
British Columbia,2022,2470,Health care and social assistance
British Columbia,2022,292,Other services (except public administration)
British Columbia,2022,5373.6000000000004,Public administration
Manitoba,2022,77.599999999999994,Accommodation and food services
Manitoba,2022,146.90000000000001,"Arts, entertainment and recreation"
Manitoba,2022,271.80000000000001,Educational services
Manitoba,2022,502.60000000000002,Health care and social assistance
Manitoba,2022,38.799999999999997,Other services (except public administration)
Manitoba,2022,1079.3,Public administration
New Brunswick,2022,38.1,Accommodation and food services
New Brunswick,2022,F,"Administrative and support, waste management and remediation services"
New Brunswick,2022,38.9,"Arts, entertainment and recreation"
New Brunswick,2022,124.1,Educational services
New Brunswick,2022,169.5,Health care and social assistance
New Brunswick,2022,F,Other services (except public administration)
New Brunswick,2022,979.9,Public administration
Newfoundland and Labrador,2022,x,Accommodation and food services
Newfoundland and Labrador,2022,12.1,"Administrative and support, waste management and remediation services"
Newfoundland and Labrador,2022,45.1,"Arts, entertainment and recreation"
Newfoundland and Labrador,2022,64.9,Educational services
Newfoundland and Labrador,2022,432.8,Health care and social assistance
Newfoundland and Labrador,2022,15.5,Other services (except public administration)
Newfoundland and Labrador,2022,443,Public administration
Northwest Territories,2022,F,Accommodation and food services
Northwest Territories,2022,x,"Administrative and support, waste management and remediation services"
Northwest Territories,2022,x,"Arts, entertainment and recreation"
Northwest Territories,2022,x,Educational services
Northwest Territories,2022,35.4,Health care and social assistance
Northwest Territories,2022,F,Other services (except public administration)
Northwest Territories,2022,370.6,Public administration
Nova Scotia,2022,62.7,Accommodation and food services
Nova Scotia,2022,162.5,"Administrative and support, waste management and remediation services"
Nova Scotia,2022,x,"Arts, entertainment and recreation"
Nova Scotia,2022,310.6,Educational services
Nova Scotia,2022,315.4,Health care and social assistance
Nova Scotia,2022,30.5,Other services (except public administration)
Nova Scotia,2022,"1,334.20",Public administration
Nunavut,2022,4.9,Accommodation and food services
Nunavut,2022,x,"Administrative and support, waste management and remediation services"
Nunavut,2022,x,"Arts, entertainment and recreation"
Nunavut,2022,x,Educational services
Nunavut,2022,x,Health care and social assistance
Nunavut,2022,0.6,Other services (except public administration)
Nunavut,2022,127.3,Public administration
Ontario,2022,1533,Accommodation and food services
Ontario,2022,616.79999999999995,"Administrative and support, waste management and remediation services"
Ontario,2022,1185,"Arts, entertainment and recreation"
Ontario,2022,4141.8999999999996,Educational services
Ontario,2022,4072.3000000000002,Health care and social assistance
Ontario,2022,379.89999999999998,Other services (except public administration)
Ontario,2022,11456.799999999999,Public administration
Prince Edward Island,2022,22.3,Accommodation and food services
Prince Edward Island,2022,x,"Administrative and support, waste management and remediation services"
Prince Edward Island,2022,29.1,"Arts, entertainment and recreation"
Prince Edward Island,2022,100,Educational services
Prince Edward Island,2022,34,Health care and social assistance
Prince Edward Island,2022,12.8,Other services (except public administration)
Prince Edward Island,2022,223.7,Public administration
Quebec,2022,867,Accommodation and food services
Quebec,2022,562.8,"Administrative and support, waste management and remediation services"
Quebec,2022,893.7,"Arts, entertainment and recreation"
Quebec,2022,"4,385.60",Educational services
Quebec,2022,"3,792.40",Health care and social assistance
Quebec,2022,F,Other services (except public administration)
Quebec,2022,"7,927.60",Public administration
Saskatchewan,2022,x,Accommodation and food services
Saskatchewan,2022,F,"Administrative and support, waste management and remediation services"
Saskatchewan,2022,122.2,"Arts, entertainment and recreation"
Saskatchewan,2022,289.1,Educational services
Saskatchewan,2022,255.7,Health care and social assistance
Saskatchewan,2022,42.1,Other services (except public administration)
Saskatchewan,2022,"1,165.90",Public administration
Yukon,2022,4.6,Accommodation and food services
Yukon,2022,3,"Administrative and support, waste management and remediation services"
Yukon,2022,x,"Arts, entertainment and recreation"
Yukon,2022,x,Educational services
Yukon,2022,x,Health care and social assistance
Yukon,2022,1.1,Other services (except public administration)
Yukon,2022,399.3,Public administration
Alberta,2023,379.8,Accommodation and food services
Alberta,2023,802.9,"Arts, entertainment and recreation"
Alberta,2023,"1,301.30",Educational services
Alberta,2023,"1,396.10",Health care and social assistance
Alberta,2023,x,Other services (except public administration)
Alberta,2023,"4,815.30",Public administration
British Columbia,2023,581.2,Accommodation and food services
British Columbia,2023,523.3,"Arts, entertainment and recreation"
British Columbia,2023,"2,143.60",Educational services
British Columbia,2023,"3,540.00",Health care and social assistance
British Columbia,2023,F,Other services (except public administration)
British Columbia,2023,"5,972.70",Public administration
Manitoba,2023,82.1,Accommodation and food services
Manitoba,2023,115.3,"Arts, entertainment and recreation"
Manitoba,2023,431.9,Educational services
Manitoba,2023,665.7,Health care and social assistance
Manitoba,2023,x,Other services (except public administration)
Manitoba,2023,"1,321.20",Public administration
New Brunswick,2023,37.7,Accommodation and food services
New Brunswick,2023,59.9,"Administrative and support, waste management and remediation services"
New Brunswick,2023,84.9,"Arts, entertainment and recreation"
New Brunswick,2023,171.2,Educational services
New Brunswick,2023,248.7,Health care and social assistance
New Brunswick,2023,x,Other services (except public administration)
New Brunswick,2023,"1,127.80",Public administration
Newfoundland and Labrador,2023,51.6,Accommodation and food services
Newfoundland and Labrador,2023,F,"Administrative and support, waste management and remediation services"
Newfoundland and Labrador,2023,43.2,"Arts, entertainment and recreation"
Newfoundland and Labrador,2023,53.6,Educational services
Newfoundland and Labrador,2023,568.5,Health care and social assistance
Newfoundland and Labrador,2023,x,Other services (except public administration)
Newfoundland and Labrador,2023,532.6,Public administration
Northwest Territories,2023,x,Accommodation and food services
Northwest Territories,2023,x,"Administrative and support, waste management and remediation services"
Northwest Territories,2023,x,"Arts, entertainment and recreation"
Northwest Territories,2023,x,Educational services
Northwest Territories,2023,x,Health care and social assistance
Northwest Territories,2023,x,Other services (except public administration)
Northwest Territories,2023,449.9,Public administration
Nova Scotia,2023,53.4,Accommodation and food services
Nova Scotia,2023,212.2,"Administrative and support, waste management and remediation services"
Nova Scotia,2023,82.9,"Arts, entertainment and recreation"
Nova Scotia,2023,385.2,Educational services
Nova Scotia,2023,389.8,Health care and social assistance
Nova Scotia,2023,x,Other services (except public administration)
Nova Scotia,2023,"1,386.20",Public administration
Nunavut,2023,x,Accommodation and food services
Nunavut,2023,x,"Administrative and support, waste management and remediation services"
Nunavut,2023,x,"Arts, entertainment and recreation"
Nunavut,2023,x,Educational services
Nunavut,2023,x,Health care and social assistance
Nunavut,2023,x,Other services (except public administration)
Nunavut,2023,306.5,Public administration
Ontario,2023,1251.5,Accommodation and food services
Ontario,2023,825.29999999999995,"Administrative and support, waste management and remediation services"
Ontario,2023,1630,"Arts, entertainment and recreation"
Ontario,2023,4780.6000000000004,Educational services
Ontario,2023,4366.1999999999998,Health care and social assistance
Ontario,2023,,Other services (except public administration)
Ontario,2023,13405,Public administration
Prince Edward Island,2023,13.7,Accommodation and food services
Prince Edward Island,2023,6,"Administrative and support, waste management and remediation services"
Prince Edward Island,2023,60.3,"Arts, entertainment and recreation"
Prince Edward Island,2023,101.8,Educational services
Prince Edward Island,2023,36,Health care and social assistance
Prince Edward Island,2023,x,Other services (except public administration)
Prince Edward Island,2023,307.1,Public administration
Quebec,2023,641.5,Accommodation and food services
Quebec,2023,589,"Administrative and support, waste management and remediation services"
Quebec,2023,747.29999999999995,"Arts, entertainment and recreation"
Quebec,2023,5215.1999999999998,Educational services
Quebec,2023,4604.6000000000004,Health care and social assistance
Quebec,2023,,Other services (except public administration)
Quebec,2023,9176.2999999999993,Public administration
Saskatchewan,2023,75.4,Accommodation and food services
Saskatchewan,2023,77.6,"Administrative and support, waste management and remediation services"
Saskatchewan,2023,x,"Arts, entertainment and recreation"
Saskatchewan,2023,338.7,Educational services
Saskatchewan,2023,399.1,Health care and social assistance
Saskatchewan,2023,69.1,Other services (except public administration)
Saskatchewan,2023,"1,241.70",Public administration
Yukon,2023,12.4,Accommodation and food services
Yukon,2023,x,"Administrative and support, waste management and remediation services"
Yukon,2023,x,"Arts, entertainment and recreation"
Yukon,2023,x,Educational services
Yukon,2023,x,Health care and social assistance
Yukon,2023,x,Other services (except public administration)
Yukon,2023,479.1,Public administration
Alberta,2024,563.70000000000005,Accommodation and food services
Alberta,2024,793.70000000000005,"Arts, entertainment and recreation"
Alberta,2024,1560.4000000000001,Educational services
Alberta,2024,1231.5,Health care and social assistance
Alberta,2024,,Other services (except public administration)
Alberta,2024,5658.3000000000002,Public administration
British Columbia,2024,519.79999999999995,Accommodation and food services
British Columbia,2024,775,"Arts, entertainment and recreation"
British Columbia,2024,2639.4000000000001,Educational services
British Columbia,2024,3967.5,Health care and social assistance
British Columbia,2024,333,Other services (except public administration)
British Columbia,2024,7524.1000000000004,Public administration
Manitoba,2024,109.2,Accommodation and food services
Manitoba,2024,169.6,"Arts, entertainment and recreation"
Manitoba,2024,486.6,Educational services
Manitoba,2024,992.7,Health care and social assistance
Manitoba,2024,47.5,Other services (except public administration)
Manitoba,2024,"1,494.50",Public administration
New Brunswick,2024,40.2,Accommodation and food services
New Brunswick,2024,40.8,"Administrative and support, waste management and remediation services"
New Brunswick,2024,x,"Arts, entertainment and recreation"
New Brunswick,2024,254.9,Educational services
New Brunswick,2024,245.8,Health care and social assistance
New Brunswick,2024,x,Other services (except public administration)
New Brunswick,2024,"1,152.30",Public administration
Newfoundland and Labrador,2024,x,Accommodation and food services
Newfoundland and Labrador,2024,x,"Administrative and support, waste management and remediation services"
Newfoundland and Labrador,2024,x,"Arts, entertainment and recreation"
Newfoundland and Labrador,2024,120.6,Educational services
Newfoundland and Labrador,2024,379,Health care and social assistance
Newfoundland and Labrador,2024,x,Other services (except public administration)
Newfoundland and Labrador,2024,"1,289.80",Public administration
Northwest Territories,2024,x,Accommodation and food services
Northwest Territories,2024,x,"Administrative and support, waste management and remediation services"
Northwest Territories,2024,6.3,"Arts, entertainment and recreation"
Northwest Territories,2024,x,Educational services
Northwest Territories,2024,x,Health care and social assistance
Northwest Territories,2024,x,Other services (except public administration)
Northwest Territories,2024,558.4,Public administration
Nova Scotia,2024,73.9,Accommodation and food services
Nova Scotia,2024,105.4,"Administrative and support, waste management and remediation services"
Nova Scotia,2024,84.6,"Arts, entertainment and recreation"
Nova Scotia,2024,402.5,Educational services
Nova Scotia,2024,691.6,Health care and social assistance
Nova Scotia,2024,59.2,Other services (except public administration)
Nova Scotia,2024,"1,917.80",Public administration
Nunavut,2024,x,Accommodation and food services
Nunavut,2024,x,"Administrative and support, waste management and remediation services"
Nunavut,2024,x,"Arts, entertainment and recreation"
Nunavut,2024,x,Educational services
Nunavut,2024,x,Health care and social assistance
Nunavut,2024,x,Other services (except public administration)
Nunavut,2024,318.4,Public administration
Ontario,2024,1223.2,Accommodation and food services
Ontario,2024,1082.5999999999999,"Administrative and support, waste management and remediation services"
Ontario,2024,1650.4000000000001,"Arts, entertainment and recreation"
Ontario,2024,5163.3999999999996,Educational services
Ontario,2024,4619.6000000000004,Health care and social assistance
Ontario,2024,,Other services (except public administration)
Ontario,2024,14020.700000000001,Public administration
Prince Edward Island,2024,19.9,Accommodation and food services
Prince Edward Island,2024,x,"Administrative and support, waste management and remediation services"
Prince Edward Island,2024,77.8,"Arts, entertainment and recreation"
Prince Edward Island,2024,118.5,Educational services
Prince Edward Island,2024,50.1,Health care and social assistance
Prince Edward Island,2024,x,Other services (except public administration)
Prince Edward Island,2024,316.2,Public administration
Quebec,2024,567,Accommodation and food services
Quebec,2024,670.29999999999995,"Administrative and support, waste management and remediation services"
Quebec,2024,1023.2,"Arts, entertainment and recreation"
Quebec,2024,5540.8000000000002,Educational services
Quebec,2024,4702.6000000000004,Health care and social assistance
Quebec,2024,394.19999999999999,Other services (except public administration)
Quebec,2024,11417.200000000001,Public administration
Saskatchewan,2024,x,Accommodation and food services
Saskatchewan,2024,71.4,"Administrative and support, waste management and remediation services"
Saskatchewan,2024,x,"Arts, entertainment and recreation"
Saskatchewan,2024,323.8,Educational services
Saskatchewan,2024,653.1,Health care and social assistance
Saskatchewan,2024,x,Other services (except public administration)
Saskatchewan,2024,"1,339.30",Public administration
Yukon,2024,28.3,Accommodation and food services
Yukon,2024,x,"Administrative and support, waste management and remediation services"
Yukon,2024,x,"Arts, entertainment and recreation"
Yukon,2024,16.3,Educational services
Yukon,2024,15.5,Health care and social assistance
Yukon,2024,4.9,Other services (except public administration)
Yukon,2024,453.5,Public administration
Alberta,2025,392.1,Accommodation and food services
Alberta,2025,"1,064.30","Arts, entertainment and recreation"
Alberta,2025,"1,895.20",Educational services
Alberta,2025,"1,545.50",Health care and social assistance
Alberta,2025,x,Other services (except public administration)
Alberta,2025,"6,485.60",Public administration
British Columbia,2025,589.89999999999998,Accommodation and food services
British Columbia,2025,775.39999999999998,"Arts, entertainment and recreation"
British Columbia,2025,2960.5999999999999,Educational services
British Columbia,2025,5376.6000000000004,Health care and social assistance
British Columbia,2025,304.39999999999998,Other services (except public administration)
British Columbia,2025,10766.200000000001,Public administration
Manitoba,2025,100.59999999999999,Accommodation and food services
Manitoba,2025,106.2,"Arts, entertainment and recreation"
Manitoba,2025,656.70000000000005,Educational services
Manitoba,2025,1605.2,Health care and social assistance
Manitoba,2025,60.399999999999999,Other services (except public administration)
Manitoba,2025,1453.4000000000001,Public administration
New Brunswick,2025,52.700000000000003,Accommodation and food services
New Brunswick,2025,27.800000000000001,"Administrative and support, waste management and remediation services"
New Brunswick,2025,91.5,"Arts, entertainment and recreation"
New Brunswick,2025,223.80000000000001,Educational services
New Brunswick,2025,276,Health care and social assistance
New Brunswick,2025,32.200000000000003,Other services (except public administration)
New Brunswick,2025,1215.0999999999999,Public administration
Newfoundland and Labrador,2025,26.1,Accommodation and food services
Newfoundland and Labrador,2025,16.1,"Administrative and support, waste management and remediation services"
Newfoundland and Labrador,2025,x,"Arts, entertainment and recreation"
Newfoundland and Labrador,2025,123.4,Educational services
Newfoundland and Labrador,2025,290.4,Health care and social assistance
Newfoundland and Labrador,2025,x,Other services (except public administration)
Newfoundland and Labrador,2025,"1,014.70",Public administration
Northwest Territories,2025,7.2,Accommodation and food services
Northwest Territories,2025,x,"Administrative and support, waste management and remediation services"
Northwest Territories,2025,x,"Arts, entertainment and recreation"
Northwest Territories,2025,x,Educational services
Northwest Territories,2025,53.3,Health care and social assistance
Northwest Territories,2025,x,Other services (except public administration)
Northwest Territories,2025,555.2,Public administration
Nova Scotia,2025,74.1,Accommodation and food services
Nova Scotia,2025,61.5,"Administrative and support, waste management and remediation services"
Nova Scotia,2025,63.5,"Arts, entertainment and recreation"
Nova Scotia,2025,467,Educational services
Nova Scotia,2025,"1,015.80",Health care and social assistance
Nova Scotia,2025,x,Other services (except public administration)
Nova Scotia,2025,"2,071.10",Public administration
Nunavut,2025,3.9,Accommodation and food services
Nunavut,2025,x,"Administrative and support, waste management and remediation services"
Nunavut,2025,x,"Arts, entertainment and recreation"
Nunavut,2025,81.9,Educational services
Nunavut,2025,x,Health care and social assistance
Nunavut,2025,x,Other services (except public administration)
Nunavut,2025,448.3,Public administration
Ontario,2025,1223.2,Accommodation and food services
Ontario,2025,1198.9000000000001,"Administrative and support, waste management and remediation services"
Ontario,2025,1225.5999999999999,"Arts, entertainment and recreation"
Ontario,2025,5783.6000000000004,Educational services
Ontario,2025,5157.1999999999998,Health care and social assistance
Ontario,2025,408,Other services (except public administration)
Ontario,2025,17186.200000000001,Public administration
Prince Edward Island,2025,22,Accommodation and food services
Prince Edward Island,2025,15.6,"Administrative and support, waste management and remediation services"
Prince Edward Island,2025,52.7,"Arts, entertainment and recreation"
Prince Edward Island,2025,128.5,Educational services
Prince Edward Island,2025,120.4,Health care and social assistance
Prince Edward Island,2025,3.4,Other services (except public administration)
Prince Edward Island,2025,382,Public administration
Quebec,2025,588.89999999999998,Accommodation and food services
Quebec,2025,698.5,"Administrative and support, waste management and remediation services"
Quebec,2025,977.10000000000002,"Arts, entertainment and recreation"
Quebec,2025,5490.3999999999996,Educational services
Quebec,2025,3671.4000000000001,Health care and social assistance
Quebec,2025,357.89999999999998,Other services (except public administration)
Quebec,2025,11955.299999999999,Public administration
Saskatchewan,2025,89.799999999999997,Accommodation and food services
Saskatchewan,2025,75.700000000000003,"Administrative and support, waste management and remediation services"
Saskatchewan,2025,96,"Arts, entertainment and recreation"
Saskatchewan,2025,359.10000000000002,Educational services
Saskatchewan,2025,822.39999999999998,Health care and social assistance
Saskatchewan,2025,69.200000000000003,Other services (except public administration)
Saskatchewan,2025,1664.3,Public administration
Yukon,2025,32.1,Accommodation and food services
Yukon,2025,x,"Administrative and support, waste management and remediation services"
Yukon,2025,x,"Arts, entertainment and recreation"
Yukon,2025,x,Educational services
Yukon,2025,x,Health care and social assistance
Yukon,2025,x,Other services (except public administration)
Yukon,2025,457.5,Public administration
Alberta,2026,653,Accommodation and food services
Alberta,2026,1174.2,"Arts, entertainment and recreation"
Alberta,2026,1828.3,Educational services
Alberta,2026,1594.7,Health care and social assistance
Alberta,2026,217.40000000000001,Other services (except public administration)
Alberta,2026,6243.5,Public administration
British Columbia,2026,760.29999999999995,Accommodation and food services
British Columbia,2026,661.89999999999998,"Arts, entertainment and recreation"
British Columbia,2026,3167.6999999999998,Educational services
British Columbia,2026,5666.3999999999996,Health care and social assistance
British Columbia,2026,231.5,Other services (except public administration)
British Columbia,2026,10272.200000000001,Public administration
Manitoba,2026,64.099999999999994,Accommodation and food services
Manitoba,2026,104.3,"Arts, entertainment and recreation"
Manitoba,2026,753.39999999999998,Educational services
Manitoba,2026,941.89999999999998,Health care and social assistance
Manitoba,2026,54.100000000000001,Other services (except public administration)
Manitoba,2026,1623.0999999999999,Public administration
New Brunswick,2026,54,Accommodation and food services
New Brunswick,2026,29,"Administrative and support, waste management and remediation services"
New Brunswick,2026,171.59999999999999,"Arts, entertainment and recreation"
New Brunswick,2026,348.80000000000001,Educational services
New Brunswick,2026,311.60000000000002,Health care and social assistance
New Brunswick,2026,19.5,Other services (except public administration)
New Brunswick,2026,1245.7,Public administration
Newfoundland and Labrador,2026,27.4,Accommodation and food services
Newfoundland and Labrador,2026,16.5,"Administrative and support, waste management and remediation services"
Newfoundland and Labrador,2026,x,"Arts, entertainment and recreation"
Newfoundland and Labrador,2026,103.7,Educational services
Newfoundland and Labrador,2026,299.8,Health care and social assistance
Newfoundland and Labrador,2026,19,Other services (except public administration)
Newfoundland and Labrador,2026,998.8,Public administration
Northwest Territories,2026,8.6,Accommodation and food services
Northwest Territories,2026,3.6,"Administrative and support, waste management and remediation services"
Northwest Territories,2026,x,"Arts, entertainment and recreation"
Northwest Territories,2026,28,Educational services
Northwest Territories,2026,66.3,Health care and social assistance
Northwest Territories,2026,x,Other services (except public administration)
Northwest Territories,2026,655.1,Public administration
Nova Scotia,2026,72.599999999999994,Accommodation and food services
Nova Scotia,2026,51,"Administrative and support, waste management and remediation services"
Nova Scotia,2026,66.799999999999997,"Arts, entertainment and recreation"
Nova Scotia,2026,478.19999999999999,Educational services
Nova Scotia,2026,993.60000000000002,Health care and social assistance
Nova Scotia,2026,30.300000000000001,Other services (except public administration)
Nova Scotia,2026,1975.7,Public administration
Nunavut,2026,5.5,Accommodation and food services
Nunavut,2026,0.5,"Administrative and support, waste management and remediation services"
Nunavut,2026,x,"Arts, entertainment and recreation"
Nunavut,2026,54.6,Educational services
Nunavut,2026,38.8,Health care and social assistance
Nunavut,2026,x,Other services (except public administration)
Nunavut,2026,421.3,Public administration
Ontario,2026,1421.3,Accommodation and food services
Ontario,2026,1173.7,"Administrative and support, waste management and remediation services"
Ontario,2026,1100.5,"Arts, entertainment and recreation"
Ontario,2026,5635.8000000000002,Educational services
Ontario,2026,5808.6000000000004,Health care and social assistance
Ontario,2026,429.89999999999998,Other services (except public administration)
Ontario,2026,19796.700000000001,Public administration
Prince Edward Island,2026,23.7,Accommodation and food services
Prince Edward Island,2026,10.9,"Administrative and support, waste management and remediation services"
Prince Edward Island,2026,61.4,"Arts, entertainment and recreation"
Prince Edward Island,2026,147.9,Educational services
Prince Edward Island,2026,178.3,Health care and social assistance
Prince Edward Island,2026,x,Other services (except public administration)
Prince Edward Island,2026,402.8,Public administration
Quebec,2026,626.20000000000005,Accommodation and food services
Quebec,2026,665.5,"Administrative and support, waste management and remediation services"
Quebec,2026,903.39999999999998,"Arts, entertainment and recreation"
Quebec,2026,4307.1999999999998,Educational services
Quebec,2026,3997.5999999999999,Health care and social assistance
Quebec,2026,,Other services (except public administration)
Quebec,2026,12665.1,Public administration
Saskatchewan,2026,98.200000000000003,Accommodation and food services
Saskatchewan,2026,98.900000000000006,"Administrative and support, waste management and remediation services"
Saskatchewan,2026,82,"Arts, entertainment and recreation"
Saskatchewan,2026,390.89999999999998,Educational services
Saskatchewan,2026,816.20000000000005,Health care and social assistance
Saskatchewan,2026,79,Other services (except public administration)
Saskatchewan,2026,1541.2,Public administration
Yukon,2026,9.4,Accommodation and food services
Yukon,2026,1.1,"Administrative and support, waste management and remediation services"
Yukon,2026,x,"Arts, entertainment and recreation"
Yukon,2026,38.3,Educational services
Yukon,2026,9.3,Health care and social assistance
Yukon,2026,0.8,Other services (except public administration)
Yukon,2026,543.9,Public administration
